mean_fit_time,std_fit_time,mean_score_time,std_score_time,param_max_depth,param_min_samples_leaf,param_min_samples_split,params,split0_test_score,split1_test_score,split2_test_score,split3_test_score,split4_test_score,mean_test_score,std_test_score,rank_test_score,mean_test_rmse
0.01510605812072754,0.009461305993838109,0.001802682876586914,0.00264386087723839,4,5,5,"{'max_depth': 4, 'min_samples_leaf': 5, 'min_samples_split': 5}",-0.6821540860502492,-1.165916598237592,-1.791551476138203,-1.283645676752968,-1.5286871311028254,-1.2903909936563676,0.37240794527307763,4,1.2904
0.013516759872436524,0.008577283689259498,0.0004071235656738281,0.0004987541755468257,4,5,10,"{'max_depth': 4, 'min_samples_leaf': 5, 'min_samples_split': 10}",-0.6821540860502492,-1.165916598237592,-1.791551476138203,-1.283645676752968,-1.5286871311028254,-1.2903909936563676,0.37240794527307763,4,1.2904
0.010913991928100586,0.009167597557943897,0.0004002571105957031,0.0004902173889180902,4,5,20,"{'max_depth': 4, 'min_samples_leaf': 5, 'min_samples_split': 20}",-0.6908457855004939,-1.165916598237592,-1.791551476138203,-1.283645676752968,-1.5286871311028254,-1.2921293335464166,0.36957424158973184,11,1.2921
0.012903928756713867,0.008281353253958935,0.0029117584228515623,0.004820310779025008,4,5,30,"{'max_depth': 4, 'min_samples_leaf': 5, 'min_samples_split': 30}",-0.6908457855004939,-1.1663647431377935,-1.791551476138203,-1.283645676752968,-1.5286871311028254,-1.2922189625264566,0.3695436747430188,12,1.2922
0.013935661315917969,0.009793837794372007,0.00020003318786621094,0.0004000663757324219,4,5,40,"{'max_depth': 4, 'min_samples_leaf': 5, 'min_samples_split': 40}",-0.7032752862196447,-1.1777405728491877,-1.791551476138203,-1.283645676752968,-1.5286871311028254,-1.2969800286125657,0.3647383368778617,24,1.297
0.014803552627563476,0.006732804877881248,0.00042409896850585936,0.0008481979370117187,4,10,5,"{'max_depth': 4, 'min_samples_leaf': 10, 'min_samples_split': 5}",-0.6883193242443383,-1.0140424143730624,-1.8165361059654102,-1.3392291991195735,-1.5601479774075198,-1.283655004221981,0.39764673880575685,1,1.2837
0.011292409896850587,0.00647333731067311,0.00019869804382324218,0.00039739608764648436,4,10,10,"{'max_depth': 4, 'min_samples_leaf': 10, 'min_samples_split': 10}",-0.6883193242443383,-1.0140424143730624,-1.8165361059654102,-1.3392291991195735,-1.5601479774075198,-1.283655004221981,0.39764673880575685,1,1.2837
0.017869281768798827,0.01023570858946127,0.00018820762634277343,0.00037641525268554686,4,10,20,"{'max_depth': 4, 'min_samples_leaf': 10, 'min_samples_split': 20}",-0.6883193242443383,-1.0140424143730624,-1.8165361059654102,-1.3392291991195735,-1.5601479774075198,-1.283655004221981,0.39764673880575685,1,1.2837
0.011171054840087891,0.005794675979588001,0.00019941329956054687,0.0003988265991210938,4,10,30,"{'max_depth': 4, 'min_samples_leaf': 10, 'min_samples_split': 30}",-0.6883193242443383,-1.106038134642968,-1.8165361059654102,-1.3392291991195735,-1.5531539853763086,-1.3006553498697198,0.38579987714611946,35,1.3007
0.018004369735717774,0.010447301314690296,0.0003998279571533203,0.0004896872921989839,4,10,40,"{'max_depth': 4, 'min_samples_leaf': 10, 'min_samples_split': 40}",-0.7007936365234142,-1.105718562018858,-1.8165361059654102,-1.3392291991195735,-1.5531539853763086,-1.303086297800713,0.3818851492649752,41,1.3031
0.011884355545043945,0.005259283895125622,0.001364421844482422,0.002227638628592686,4,15,5,"{'max_depth': 4, 'min_samples_leaf': 15, 'min_samples_split': 5}",-0.7070561107473666,-1.106038134642968,-1.813149090333778,-1.3056093825949535,-1.5531539853763086,-1.2970013407390748,0.3785760414034125,25,1.297
0.014370107650756836,0.008178971370900356,0.00039958953857421875,0.0004893960743121743,4,15,10,"{'max_depth': 4, 'min_samples_leaf': 15, 'min_samples_split': 10}",-0.7070561107473666,-1.106038134642968,-1.813149090333778,-1.3056093825949535,-1.5531539853763086,-1.2970013407390748,0.3785760414034125,25,1.297
0.01463017463684082,0.005117603919982338,0.00040116310119628904,0.0004913295370328824,4,15,20,"{'max_depth': 4, 'min_samples_leaf': 15, 'min_samples_split': 20}",-0.7070561107473666,-1.106038134642968,-1.813149090333778,-1.3056093825949535,-1.5531539853763086,-1.2970013407390748,0.3785760414034125,25,1.297
0.011181449890136719,0.006486552064289143,0.0033281326293945314,0.0061664334222054935,4,15,30,"{'max_depth': 4, 'min_samples_leaf': 15, 'min_samples_split': 30}",-0.7070561107473666,-1.106038134642968,-1.813149090333778,-1.3056093825949535,-1.5531539853763086,-1.2970013407390748,0.3785760414034125,25,1.297
0.010059165954589843,0.008497404612249865,0.0021040916442871095,0.003726643897453803,4,15,40,"{'max_depth': 4, 'min_samples_leaf': 15, 'min_samples_split': 40}",-0.6976516228382147,-1.105718562018858,-1.813149090333778,-1.3056093825949535,-1.5531539853763086,-1.2950565286324225,0.38154607833472354,23,1.2951
0.015956354141235352,0.010097496974767757,0.00020003318786621094,0.0004000663757324219,4,20,5,"{'max_depth': 4, 'min_samples_leaf': 20, 'min_samples_split': 5}",-0.6962570138939199,-1.105718562018858,-1.801777463810685,-1.3056093825949535,-1.5531539853763086,-1.292503281538945,0.3789113076040812,13,1.2925
0.013291692733764649,0.01027843085303747,0.002344083786010742,0.003246642775080454,4,20,10,"{'max_depth': 4, 'min_samples_leaf': 20, 'min_samples_split': 10}",-0.6962570138939199,-1.105718562018858,-1.801777463810685,-1.3056093825949535,-1.5531539853763086,-1.292503281538945,0.3789113076040812,13,1.2925
0.01537775993347168,0.008711119013536427,0.0003994941711425781,0.000489279575801354,4,20,20,"{'max_depth': 4, 'min_samples_leaf': 20, 'min_samples_split': 20}",-0.6962570138939199,-1.105718562018858,-1.801777463810685,-1.3056093825949535,-1.5531539853763086,-1.292503281538945,0.3789113076040812,13,1.2925
0.014888238906860352,0.008604995532160688,0.0002009868621826172,0.0004019737243652344,4,20,30,"{'max_depth': 4, 'min_samples_leaf': 20, 'min_samples_split': 30}",-0.6962570138939199,-1.105718562018858,-1.801777463810685,-1.3056093825949535,-1.5531539853763086,-1.292503281538945,0.3789113076040812,13,1.2925
0.016593027114868163,0.007487351108869025,0.0003012180328369141,0.0006024360656738282,4,20,40,"{'max_depth': 4, 'min_samples_leaf': 20, 'min_samples_split': 40}",-0.6962570138939199,-1.105718562018858,-1.801777463810685,-1.3056093825949535,-1.5531539853763086,-1.292503281538945,0.3789113076040812,13,1.2925
0.012982988357543945,0.011046807486475513,0.0,0.0,4,30,5,"{'max_depth': 4, 'min_samples_leaf': 30, 'min_samples_split': 5}",-0.6954612030356382,-1.10810209885397,-1.8044889127829462,-1.3040870858055427,-1.5451167022499708,-1.2914512005456136,0.37855898265713217,6,1.2915
0.015235805511474609,0.006277770176939104,0.00019979476928710938,0.00039958953857421875,4,30,10,"{'max_depth': 4, 'min_samples_leaf': 30, 'min_samples_split': 10}",-0.6954612030356382,-1.10810209885397,-1.8044889127829462,-1.3040870858055427,-1.5451167022499708,-1.2914512005456136,0.37855898265713217,6,1.2915
0.013013219833374024,0.008214848792362657,0.00039806365966796873,0.00048752875757142685,4,30,20,"{'max_depth': 4, 'min_samples_leaf': 30, 'min_samples_split': 20}",-0.6954612030356382,-1.10810209885397,-1.8044889127829462,-1.3040870858055427,-1.5451167022499708,-1.2914512005456136,0.37855898265713217,6,1.2915
0.016754770278930665,0.012074922890697299,0.00020041465759277344,0.0004008293151855469,4,30,30,"{'max_depth': 4, 'min_samples_leaf': 30, 'min_samples_split': 30}",-0.6954612030356382,-1.10810209885397,-1.8044889127829462,-1.3040870858055427,-1.5451167022499708,-1.2914512005456136,0.37855898265713217,6,1.2915
0.011974620819091796,0.008285231181200541,0.00039839744567871094,0.0004879369117619482,4,30,40,"{'max_depth': 4, 'min_samples_leaf': 30, 'min_samples_split': 40}",-0.6954612030356382,-1.10810209885397,-1.8044889127829462,-1.3040870858055427,-1.5451167022499708,-1.2914512005456136,0.37855898265713217,6,1.2915
0.01946368217468262,0.011554470741846021,0.0019928455352783204,0.003985691070556641,6,5,5,"{'max_depth': 6, 'min_samples_leaf': 5, 'min_samples_split': 5}",-0.7271009413113851,-1.1763539014837154,-1.829617343731555,-1.3743323712386484,-1.5698749731032289,-1.3354559061737066,0.3731134990895674,112,1.3355
0.02263798713684082,0.014228935286461467,0.0009825706481933593,0.0009187141154678123,6,5,10,"{'max_depth': 6, 'min_samples_leaf': 5, 'min_samples_split': 10}",-0.7271009413113851,-1.1763539014837154,-1.829617343731555,-1.3743323712386484,-1.5698749731032289,-1.3354559061737066,0.3731134990895674,112,1.3355
0.019553947448730468,0.01127149334189864,0.00019993782043457032,0.0003998756408691407,6,5,20,"{'max_depth': 6, 'min_samples_leaf': 5, 'min_samples_split': 20}",-0.6998430351730919,-1.1683519684326649,-1.829617343731555,-1.3536742527429777,-1.5698749731032289,-1.3242723146367035,0.3823040197677599,103,1.3243
0.021468257904052733,0.01399283551665577,0.00020270347595214845,0.0004054069519042969,6,5,30,"{'max_depth': 6, 'min_samples_leaf': 5, 'min_samples_split': 30}",-0.6998430351730919,-1.1683738356512015,-1.829617343731555,-1.3485455272710645,-1.5186149904085562,-1.312998946447094,0.37611505674683604,69,1.313
0.019985437393188477,0.014011764371882904,0.00019979476928710938,0.00039958953857421875,6,5,40,"{'max_depth': 6, 'min_samples_leaf': 5, 'min_samples_split': 40}",-0.7121155122196218,-1.179730292369634,-1.825804721112886,-1.3485455272710645,-1.5168483318148585,-1.316608876957613,0.3700119380643923,76,1.3166
0.01627669334411621,0.01526958050865032,0.003508138656616211,0.006019164824598676,6,10,5,"{'max_depth': 6, 'min_samples_leaf': 10, 'min_samples_split': 5}",-0.6980327520050513,-1.056662785562182,-1.8493819938412401,-1.3602022593393062,-1.5797898749541133,-1.3088139331403785,0.40122721787419285,66,1.3088
0.01944565773010254,0.015639409314759916,0.0012033462524414062,0.0024066925048828124,6,10,10,"{'max_depth': 6, 'min_samples_leaf': 10, 'min_samples_split': 10}",-0.6980327520050513,-1.056662785562182,-1.8493819938412401,-1.3602022593393062,-1.5797898749541133,-1.3088139331403785,0.40122721787419285,66,1.3088
0.019734573364257813,0.016735557926296038,0.000200653076171875,0.00040130615234375007,6,10,20,"{'max_depth': 6, 'min_samples_leaf': 10, 'min_samples_split': 20}",-0.6980327520050513,-1.056662785562182,-1.8493819938412401,-1.3602022593393062,-1.5797898749541133,-1.3088139331403785,0.40122721787419285,66,1.3088
0.019997215270996092,0.011625615850179334,0.0,0.0,6,10,30,"{'max_depth': 6, 'min_samples_leaf': 10, 'min_samples_split': 30}",-0.6980327520050513,-1.1424816411399183,-1.8528619553287025,-1.3602022593393062,-1.5697973895972737,-1.3246751994820505,0.3914597192054699,104,1.3247
0.021303796768188478,0.014344929208869069,0.00024037361145019532,0.0003865715753608883,6,10,40,"{'max_depth': 6, 'min_samples_leaf': 10, 'min_samples_split': 40}",-0.7103365059852086,-1.142172265225485,-1.8381796861245756,-1.3597915950764972,-1.5697973895972737,-1.324055488401808,0.3835941444440935,102,1.3241
0.0215817928314209,0.012801603738200457,0.0,0.0,6,15,5,"{'max_depth': 6, 'min_samples_leaf': 15, 'min_samples_split': 5}",-0.7131819860501643,-1.1281804647428093,-1.8251601107751527,-1.310848922726978,-1.5454944999343665,-1.3045731968458942,0.37681591105387297,57,1.3046
0.014901399612426758,0.009511332564206013,0.0016100883483886718,0.0032201766967773437,6,15,10,"{'max_depth': 6, 'min_samples_leaf': 15, 'min_samples_split': 10}",-0.7131819860501643,-1.1281804647428093,-1.8251601107751527,-1.310848922726978,-1.5454944999343665,-1.3045731968458942,0.37681591105387297,57,1.3046
0.022617101669311523,0.007838982558112793,0.0004204750061035156,0.0005150032172374894,6,15,20,"{'max_depth': 6, 'min_samples_leaf': 15, 'min_samples_split': 20}",-0.7131819860501643,-1.1281804647428093,-1.8251601107751527,-1.310848922726978,-1.5454944999343665,-1.3045731968458942,0.37681591105387297,57,1.3046
0.019541454315185548,0.004603082580877119,0.0003544807434082031,0.0004560962348949443,6,15,30,"{'max_depth': 6, 'min_samples_leaf': 15, 'min_samples_split': 30}",-0.7131819860501643,-1.1281804647428093,-1.8251601107751527,-1.310848922726978,-1.5454944999343665,-1.3045731968458942,0.37681591105387297,57,1.3046
0.02112240791320801,0.014480279392429893,0.0006801605224609375,0.0009408234507702609,6,15,40,"{'max_depth': 6, 'min_samples_leaf': 15, 'min_samples_split': 40}",-0.7036828844088728,-1.1278671659977766,-1.8134790562952308,-1.3102285576866293,-1.5454944999343665,-1.3001504328645752,0.3766315483021939,34,1.3002
0.019850826263427733,0.00867339144864351,0.0004004955291748047,0.0004905049902315545,6,20,5,"{'max_depth': 6, 'min_samples_leaf': 20, 'min_samples_split': 5}",-0.7064461203263644,-1.119793998212023,-1.843494793307228,-1.3130473374339156,-1.5474207364630952,-1.3060405971485252,0.38506410149080383,61,1.306
0.0143707275390625,0.00874631769630471,0.0031307697296142577,0.0062615394592285155,6,20,10,"{'max_depth': 6, 'min_samples_leaf': 20, 'min_samples_split': 10}",-0.7064461203263644,-1.119793998212023,-1.843494793307228,-1.3130473374339156,-1.5474207364630952,-1.3060405971485252,0.38506410149080383,61,1.306
0.0193117618560791,0.004477310830693369,0.0001102447509765625,0.00022048950195312496,6,20,20,"{'max_depth': 6, 'min_samples_leaf': 20, 'min_samples_split': 20}",-0.7064461203263644,-1.119793998212023,-1.843494793307228,-1.3130473374339156,-1.5474207364630952,-1.3060405971485252,0.38506410149080383,61,1.306
0.020033788681030274,0.011592940965215537,0.0002785205841064453,0.0003912320997948089,6,20,30,"{'max_depth': 6, 'min_samples_leaf': 20, 'min_samples_split': 30}",-0.7064461203263644,-1.119793998212023,-1.843494793307228,-1.3130473374339156,-1.5474207364630952,-1.3060405971485252,0.38506410149080383,61,1.306
0.021082544326782228,0.013263866261139762,0.0001995563507080078,0.0003991127014160156,6,20,40,"{'max_depth': 6, 'min_samples_leaf': 20, 'min_samples_split': 40}",-0.7064461203263644,-1.119793998212023,-1.843494793307228,-1.3130473374339156,-1.5474207364630952,-1.3060405971485252,0.38506410149080383,61,1.306
0.01815199851989746,0.008644632681727422,0.0032948970794677733,0.006103376097127398,6,30,5,"{'max_depth': 6, 'min_samples_leaf': 30, 'min_samples_split': 5}",-0.7019431058882908,-1.1169043984616176,-1.8076817292731289,-1.3098650318538443,-1.5334550457167568,-1.2939698622387277,0.37506094186198374,18,1.294
0.019886112213134764,0.008075289953593275,5.0449371337890624e-05,0.00010089874267578126,6,30,10,"{'max_depth': 6, 'min_samples_leaf': 30, 'min_samples_split': 10}",-0.7019431058882908,-1.1169043984616176,-1.8076817292731289,-1.3098650318538443,-1.5334550457167568,-1.2939698622387277,0.37506094186198374,18,1.294
0.018424415588378908,0.006389489326677623,0.0015116691589355468,0.002551881403650005,6,30,20,"{'max_depth': 6, 'min_samples_leaf': 30, 'min_samples_split': 20}",-0.7019431058882908,-1.1169043984616176,-1.8076817292731289,-1.3098650318538443,-1.5334550457167568,-1.2939698622387277,0.37506094186198374,18,1.294
0.019834566116333007,0.00782338851435238,0.0,0.0,6,30,30,"{'max_depth': 6, 'min_samples_leaf': 30, 'min_samples_split': 30}",-0.7019431058882908,-1.1169043984616176,-1.8076817292731289,-1.3098650318538443,-1.5334550457167568,-1.2939698622387277,0.37506094186198374,18,1.294
0.022682809829711915,0.008281616270448579,0.00045905113220214846,0.0005711060071126539,6,30,40,"{'max_depth': 6, 'min_samples_leaf': 30, 'min_samples_split': 40}",-0.7019431058882908,-1.1169043984616176,-1.8076817292731289,-1.3098650318538443,-1.5334550457167568,-1.2939698622387277,0.37506094186198374,18,1.294
0.02593374252319336,0.018470811620386003,0.00020017623901367188,0.00040035247802734376,8,5,5,"{'max_depth': 8, 'min_samples_leaf': 5, 'min_samples_split': 5}",-0.762816779925868,-1.2834441299306016,-1.847735736402242,-1.4204307028854601,-1.7213679404643862,-1.4071590579217115,0.38039282923588746,164,1.4072
0.028031539916992188,0.016430529087150012,0.0,0.0,8,5,10,"{'max_depth': 8, 'min_samples_leaf': 5, 'min_samples_split': 10}",-0.762816779925868,-1.2834441299306016,-1.847735736402242,-1.4204307028854601,-1.7213679404643862,-1.4071590579217115,0.38039282923588746,164,1.4072
0.026277542114257812,0.015170619371164948,0.001333141326904297,0.0017092994562868148,8,5,20,"{'max_depth': 8, 'min_samples_leaf': 5, 'min_samples_split': 20}",-0.7303425501070842,-1.2108425715572588,-1.8281240732421289,-1.3927884358828007,-1.6639217368102863,-1.3652038735199117,0.38240415603114686,140,1.3652
0.02582378387451172,0.016800081496658625,0.0004881381988525391,0.0004490631905761043,8,5,30,"{'max_depth': 8, 'min_samples_leaf': 5, 'min_samples_split': 30}",-0.7284163981236155,-1.20863747645508,-1.8275630365912297,-1.3901240607938976,-1.61311473390901,-1.3535711411745666,0.3755506701660914,131,1.3536
0.02764582633972168,0.018714394477515717,0.0005387306213378906,0.0010774612426757812,8,5,40,"{'max_depth': 8, 'min_samples_leaf': 5, 'min_samples_split': 40}",-0.7399418267653749,-1.2200890453753543,-1.821541891425917,-1.366289293871631,-1.6089689667053257,-1.3513662048287205,0.36843466733315855,130,1.3514
0.0267852783203125,0.01374162141490084,0.00020022392272949218,0.0004004478454589843,8,10,5,"{'max_depth': 8, 'min_samples_leaf': 10, 'min_samples_split': 5}",-0.7267740583505118,-1.0687952540921222,-1.8431383916574955,-1.3860451156461444,-1.683536021092282,-1.341657768167711,0.40567714265431415,126,1.3417
0.028182363510131835,0.014329498595430158,0.0005976200103759765,0.0004879584539997424,8,10,10,"{'max_depth': 8, 'min_samples_leaf': 10, 'min_samples_split': 10}",-0.7267740583505118,-1.0687952540921222,-1.8431383916574955,-1.3860451156461444,-1.683536021092282,-1.341657768167711,0.40567714265431415,126,1.3417
0.02269258499145508,0.01231057578634327,0.0,0.0,8,10,20,"{'max_depth': 8, 'min_samples_leaf': 10, 'min_samples_split': 20}",-0.7267740583505118,-1.0687952540921222,-1.8431383916574955,-1.3860451156461444,-1.683536021092282,-1.341657768167711,0.40567714265431415,126,1.3417
0.02812538146972656,0.012476468802066532,0.0,0.0,8,10,30,"{'max_depth': 8, 'min_samples_leaf': 10, 'min_samples_split': 30}",-0.7249909428716707,-1.1540925836872262,-1.847682934253577,-1.3814219566398698,-1.6685770005474163,-1.355353083599952,0.3947251467598095,132,1.3554
0.024127912521362305,0.016960118445797746,0.003413105010986328,0.0058225700192685035,8,10,40,"{'max_depth': 8, 'min_samples_leaf': 10, 'min_samples_split': 40}",-0.7365690245029118,-1.1438009767893496,-1.8320212364116608,-1.3711654311025936,-1.6676073402418763,-1.3502328018096783,0.3879387060580644,129,1.3502
0.02190570831298828,0.014493072845663122,0.0001994609832763672,0.00039892196655273444,8,15,5,"{'max_depth': 8, 'min_samples_leaf': 15, 'min_samples_split': 5}",-0.7268043493110655,-1.1349589037037289,-1.8261218060296154,-1.3312925993682216,-1.5969919917435174,-1.32323393003123,0.37923089658591147,98,1.3232
0.029503345489501953,0.011311234380519985,0.00020604133605957032,0.00041208267211914065,8,15,10,"{'max_depth': 8, 'min_samples_leaf': 15, 'min_samples_split': 10}",-0.7268043493110655,-1.1349589037037289,-1.8261218060296154,-1.3312925993682216,-1.5969919917435174,-1.32323393003123,0.37923089658591147,98,1.3232
0.024018001556396485,0.014478605454949164,0.0004036426544189453,0.0004943866420639597,8,15,20,"{'max_depth': 8, 'min_samples_leaf': 15, 'min_samples_split': 20}",-0.7268043493110655,-1.1349589037037289,-1.8261218060296154,-1.3312925993682216,-1.5969919917435174,-1.32323393003123,0.37923089658591147,98,1.3232
0.024733972549438477,0.01537914798150566,0.0005401611328125,0.001080322265625,8,15,30,"{'max_depth': 8, 'min_samples_leaf': 15, 'min_samples_split': 30}",-0.7268043493110655,-1.1349589037037289,-1.8261218060296154,-1.3312925993682216,-1.5969919917435174,-1.32323393003123,0.37923089658591147,98,1.3232
0.02886962890625,0.01416584661238689,0.00039539337158203127,0.0004842653945756677,8,15,40,"{'max_depth': 8, 'min_samples_leaf': 15, 'min_samples_split': 40}",-0.7173854339707362,-1.1291693055750367,-1.8131310641796945,-1.3271714456572907,-1.5843077375065253,-1.3142329973778566,0.37748712129734024,70,1.3142
0.023425817489624023,0.012954245649390956,0.0,0.0,8,20,5,"{'max_depth': 8, 'min_samples_leaf': 20, 'min_samples_split': 5}",-0.7166622722677433,-1.1210283879241525,-1.844054646951787,-1.3202042018532636,-1.57892428193751,-1.3161747581868912,0.3860590763625574,71,1.3162
0.028375625610351562,0.010557871708736719,0.0,0.0,8,20,10,"{'max_depth': 8, 'min_samples_leaf': 20, 'min_samples_split': 10}",-0.7166622722677433,-1.1210283879241525,-1.844054646951787,-1.3202042018532636,-1.57892428193751,-1.3161747581868912,0.3860590763625574,71,1.3162
0.027993297576904295,0.014452516062672725,0.00033211708068847656,0.0006642341613769531,8,20,20,"{'max_depth': 8, 'min_samples_leaf': 20, 'min_samples_split': 20}",-0.7166622722677433,-1.1210283879241525,-1.844054646951787,-1.3202042018532636,-1.57892428193751,-1.3161747581868912,0.3860590763625574,71,1.3162
0.02768549919128418,0.012594607339366888,0.00044765472412109373,0.0005640921427109428,8,20,30,"{'max_depth': 8, 'min_samples_leaf': 20, 'min_samples_split': 30}",-0.7166622722677433,-1.1210283879241525,-1.844054646951787,-1.3202042018532636,-1.57892428193751,-1.3161747581868912,0.3860590763625574,71,1.3162
0.02439742088317871,0.010121385422310477,0.0005626678466796875,0.0004199945850721797,8,20,40,"{'max_depth': 8, 'min_samples_leaf': 20, 'min_samples_split': 40}",-0.7166622722677433,-1.1210283879241525,-1.844054646951787,-1.3202042018532636,-1.57892428193751,-1.3161747581868912,0.3860590763625574,71,1.3162
0.026304292678833007,0.013675053505883697,0.0,0.0,8,30,5,"{'max_depth': 8, 'min_samples_leaf': 30, 'min_samples_split': 5}",-0.7037492531706946,-1.1183478075434874,-1.8101271154733607,-1.3091095519604463,-1.5593406662859466,-1.3001348788867872,0.3784395910115436,29,1.3001
0.02648625373840332,0.01629838035514896,0.00020771026611328126,0.0004154205322265625,8,30,10,"{'max_depth': 8, 'min_samples_leaf': 30, 'min_samples_split': 10}",-0.7037492531706946,-1.1183478075434874,-1.8101271154733607,-1.3091095519604463,-1.5593406662859466,-1.3001348788867872,0.3784395910115436,29,1.3001
0.025462770462036134,0.01741124056304342,0.00041089057922363283,0.0005033615005304951,8,30,20,"{'max_depth': 8, 'min_samples_leaf': 30, 'min_samples_split': 20}",-0.7037492531706946,-1.1183478075434874,-1.8101271154733607,-1.3091095519604463,-1.5593406662859466,-1.3001348788867872,0.3784395910115436,29,1.3001
0.02370419502258301,0.017608829002802546,0.003112030029296875,0.005713889777099358,8,30,30,"{'max_depth': 8, 'min_samples_leaf': 30, 'min_samples_split': 30}",-0.7037492531706946,-1.1183478075434874,-1.8101271154733607,-1.3091095519604463,-1.5593406662859466,-1.3001348788867872,0.3784395910115436,29,1.3001
0.022023773193359374,0.011784926749739955,0.001093292236328125,0.0012686756852037244,8,30,40,"{'max_depth': 8, 'min_samples_leaf': 30, 'min_samples_split': 40}",-0.7037492531706946,-1.1183478075434874,-1.8101271154733607,-1.3091095519604463,-1.5593406662859466,-1.3001348788867872,0.3784395910115436,29,1.3001
0.03469009399414062,0.017295164142945796,0.0008092880249023438,0.0004089486407827622,10,5,5,"{'max_depth': 10, 'min_samples_leaf': 5, 'min_samples_split': 5}",-0.7645162776017572,-1.2867606719404507,-1.8907852907635894,-1.556088939748816,-1.8054762206396675,-1.460725480138856,0.40690778105316955,168,1.4607
0.03140830993652344,0.014642388276304211,0.0,0.0,10,5,10,"{'max_depth': 10, 'min_samples_leaf': 5, 'min_samples_split': 10}",-0.7645162776017572,-1.2867606719404507,-1.8907852907635894,-1.556088939748816,-1.8054762206396675,-1.460725480138856,0.40690778105316955,168,1.4607
0.03318390846252441,0.015395489248816667,0.0,0.0,10,5,20,"{'max_depth': 10, 'min_samples_leaf': 5, 'min_samples_split': 20}",-0.7309473214949552,-1.2111323713907993,-1.8510506335598294,-1.4489871133266699,-1.6948530094352985,-1.3873940898415102,0.3937747151294694,161,1.3874
0.03351836204528809,0.01641507068216868,0.0,0.0,10,5,30,"{'max_depth': 10, 'min_samples_leaf': 5, 'min_samples_split': 30}",-0.7290831828764589,-1.2088185016108777,-1.8471858156967027,-1.425754355323428,-1.6182855002691217,-1.365825471155318,0.38187098578522677,142,1.3658
0.029887676239013672,0.015577062236558805,0.0,0.0,10,5,40,"{'max_depth': 10, 'min_samples_leaf': 5, 'min_samples_split': 40}",-0.7402586589126079,-1.2202636994895495,-1.8432515410751218,-1.3991924362398078,-1.6073506857579534,-1.362063404295008,0.37412156743538433,136,1.3621
0.03167357444763184,0.013389617476843889,0.0,0.0,10,10,5,"{'max_depth': 10, 'min_samples_leaf': 10, 'min_samples_split': 5}",-0.7278452869606727,-1.0692752939391974,-1.8478810323966457,-1.443080098858489,-1.7155542438045246,-1.3607271911919057,0.4136391704814685,133,1.3607
0.03310470581054688,0.015519673649357635,0.00019974708557128905,0.0003994941711425781,10,10,10,"{'max_depth': 10, 'min_samples_leaf': 10, 'min_samples_split': 10}",-0.7278452869606727,-1.0692752939391974,-1.8478810323966457,-1.443080098858489,-1.7155542438045246,-1.3607271911919057,0.4136391704814685,133,1.3607
0.03191232681274414,0.012074918718292376,0.0016791820526123047,0.003203212006721241,10,10,20,"{'max_depth': 10, 'min_samples_leaf': 10, 'min_samples_split': 20}",-0.7278452869606727,-1.0692752939391974,-1.8478810323966457,-1.443080098858489,-1.7155542438045246,-1.3607271911919057,0.4136391704814685,133,1.3607
0.03090081214904785,0.017492080805615946,0.00048160552978515625,0.0004467505377518158,10,10,30,"{'max_depth': 10, 'min_samples_leaf': 10, 'min_samples_split': 30}",-0.725448791803924,-1.1541410136612071,-1.852612110739519,-1.4299004629518302,-1.689946832533717,-1.3704098423380393,0.4002271886464432,155,1.3704
0.03145418167114258,0.01563470903257815,0.0,0.0,10,10,40,"{'max_depth': 10, 'min_samples_leaf': 10, 'min_samples_split': 40}",-0.7368065997622278,-1.1435762377175356,-1.836815379620412,-1.4126860501657599,-1.681386313072515,-1.3622541160676902,0.3920718664069512,137,1.3623
0.027312421798706056,0.019238104403085446,0.0031241893768310545,0.006248378753662109,10,15,5,"{'max_depth': 10, 'min_samples_leaf': 15, 'min_samples_split': 5}",-0.7269339154192703,-1.1350151755403564,-1.8282644790543034,-1.3682669727862895,-1.6053644524892552,-1.332768999057895,0.3813730146065311,108,1.3328
0.032950830459594724,0.016945757292506258,0.0,0.0,10,15,10,"{'max_depth': 10, 'min_samples_leaf': 15, 'min_samples_split': 10}",-0.7269339154192703,-1.1350151755403564,-1.8282644790543034,-1.3682669727862895,-1.6053644524892552,-1.332768999057895,0.3813730146065311,108,1.3328
0.03188772201538086,0.022443678645611666,0.0004058837890625,0.000497154605912993,10,15,20,"{'max_depth': 10, 'min_samples_leaf': 15, 'min_samples_split': 20}",-0.7269339154192703,-1.1350151755403564,-1.8282644790543034,-1.3682669727862895,-1.6053644524892552,-1.332768999057895,0.3813730146065311,108,1.3328
0.03234572410583496,0.0153014491588348,0.0005300998687744141,0.0004518573824125183,10,15,30,"{'max_depth': 10, 'min_samples_leaf': 15, 'min_samples_split': 30}",-0.7269339154192703,-1.1350151755403564,-1.8282644790543034,-1.3682669727862895,-1.6053644524892552,-1.332768999057895,0.3813730146065311,108,1.3328
0.028651714324951172,0.018516040170043623,0.00485687255859375,0.005945391445543936,10,15,40,"{'max_depth': 10, 'min_samples_leaf': 15, 'min_samples_split': 40}",-0.7174794004057278,-1.1292318164052697,-1.8152837592506827,-1.35869217605599,-1.594198559430484,-1.3229771423096308,0.37983343522786506,92,1.323
0.029693078994750977,0.019037766034001823,0.0019532203674316405,0.0034002953887617396,10,20,5,"{'max_depth': 10, 'min_samples_leaf': 20, 'min_samples_split': 5}",-0.7169924517853846,-1.1223737412733121,-1.8443422446379871,-1.3357584684407156,-1.589250595728689,-1.3217435003732176,0.3873856075060627,77,1.3217
0.031568288803100586,0.017339715777599088,0.0009631156921386719,0.0010186231668631023,10,20,10,"{'max_depth': 10, 'min_samples_leaf': 20, 'min_samples_split': 10}",-0.7169924517853846,-1.1223737412733121,-1.8443422446379871,-1.3357584684407156,-1.589250595728689,-1.3217435003732176,0.3873856075060627,77,1.3217
0.029556941986083985,0.0151023239983037,0.00032434463500976565,0.0004146729460315524,10,20,20,"{'max_depth': 10, 'min_samples_leaf': 20, 'min_samples_split': 20}",-0.7169924517853846,-1.1223737412733121,-1.8443422446379871,-1.3357584684407156,-1.589250595728689,-1.3217435003732176,0.3873856075060627,77,1.3217
0.029793357849121092,0.0155290727003748,0.00034165382385253906,0.0004285753913517976,10,20,30,"{'max_depth': 10, 'min_samples_leaf': 20, 'min_samples_split': 30}",-0.7169924517853846,-1.1223737412733121,-1.8443422446379871,-1.3357584684407156,-1.589250595728689,-1.3217435003732176,0.3873856075060627,77,1.3217
0.03128337860107422,0.017330188236115377,0.0,0.0,10,20,40,"{'max_depth': 10, 'min_samples_leaf': 20, 'min_samples_split': 40}",-0.7169924517853846,-1.1223737412733121,-1.8443422446379871,-1.3357584684407156,-1.589250595728689,-1.3217435003732176,0.3873856075060627,77,1.3217
0.030019140243530272,0.016757173922097416,0.003131246566772461,0.006262493133544922,10,30,5,"{'max_depth': 10, 'min_samples_leaf': 30, 'min_samples_split': 5}",-0.7040139267086812,-1.119287991714916,-1.8110434560062818,-1.3180080721208476,-1.5611260175240438,-1.302695892814954,0.3788129860291503,36,1.3027
0.03007931709289551,0.018936403814199365,0.000200653076171875,0.00040130615234375007,10,30,10,"{'max_depth': 10, 'min_samples_leaf': 30, 'min_samples_split': 10}",-0.7040139267086812,-1.119287991714916,-1.8110434560062818,-1.3180080721208476,-1.5611260175240438,-1.302695892814954,0.3788129860291503,36,1.3027
0.028139877319335937,0.015003475233259067,0.00010509490966796875,0.00021018981933593753,10,30,20,"{'max_depth': 10, 'min_samples_leaf': 30, 'min_samples_split': 20}",-0.7040139267086812,-1.119287991714916,-1.8110434560062818,-1.3180080721208476,-1.5611260175240438,-1.302695892814954,0.3788129860291503,36,1.3027
0.033020305633544925,0.012167316353133317,0.001009511947631836,0.001302666303505228,10,30,30,"{'max_depth': 10, 'min_samples_leaf': 30, 'min_samples_split': 30}",-0.7040139267086812,-1.119287991714916,-1.8110434560062818,-1.3180080721208476,-1.5611260175240438,-1.302695892814954,0.3788129860291503,36,1.3027
0.031402969360351564,0.016272440316129854,0.00040116310119628904,0.0004913234284012058,10,30,40,"{'max_depth': 10, 'min_samples_leaf': 30, 'min_samples_split': 40}",-0.7040139267086812,-1.119287991714916,-1.8110434560062818,-1.3180080721208476,-1.5611260175240438,-1.302695892814954,0.3788129860291503,36,1.3027
0.0402890682220459,0.0225842705200231,0.00015974044799804688,0.00031948089599609375,12,5,5,"{'max_depth': 12, 'min_samples_leaf': 5, 'min_samples_split': 5}",-0.7751514423348889,-1.2916662023434955,-1.8848910649604838,-1.5841297308818254,-1.8862107382411089,-1.4844098357523605,0.4176052716444651,170,1.4844
0.03938789367675781,0.021873262732210002,0.000412750244140625,0.0005059418508927013,12,5,10,"{'max_depth': 12, 'min_samples_leaf': 5, 'min_samples_split': 10}",-0.7751514423348889,-1.2916662023434955,-1.8848910649604838,-1.5841297308818254,-1.8862107382411089,-1.4844098357523605,0.4176052716444651,170,1.4844
0.0383817195892334,0.024422265914683265,0.00039987564086914064,0.0004897458492698706,12,5,20,"{'max_depth': 12, 'min_samples_leaf': 5, 'min_samples_split': 20}",-0.7315120187563731,-1.2157055725295733,-1.8492355001006158,-1.4673531659819592,-1.7605419057312601,-1.4048696326199561,0.40424287248171437,163,1.4049
0.0383854866027832,0.022343655724569065,0.0005033969879150391,0.0006389870496284204,12,5,30,"{'max_depth': 12, 'min_samples_leaf': 5, 'min_samples_split': 30}",-0.7297021821130223,-1.2130651251919735,-1.8480709542476248,-1.4438729027637969,-1.687827320773351,-1.3845076970179537,0.3920665078901698,159,1.3845
0.03420810699462891,0.017110071145597587,0.0,0.0,12,5,40,"{'max_depth': 12, 'min_samples_leaf': 5, 'min_samples_split': 40}",-0.7404262546424086,-1.2244900464444854,-1.844071077242181,-1.4002701105196442,-1.615482856288928,-1.3649480690275293,0.37505469894263804,138,1.3649
0.03845844268798828,0.0204713529804715,0.0,0.0,12,10,5,"{'max_depth': 12, 'min_samples_leaf': 10, 'min_samples_split': 5}",-0.7280067909387368,-1.0715455292596552,-1.8492172541849474,-1.4654177260733616,-1.7218858674953996,-1.3672146335904203,0.4156366064619577,146,1.3672
0.03518633842468262,0.021268671292978453,0.003103780746459961,0.006207561492919921,12,10,10,"{'max_depth': 12, 'min_samples_leaf': 10, 'min_samples_split': 10}",-0.7280067909387368,-1.0715455292596552,-1.8492172541849474,-1.4654177260733616,-1.7218858674953996,-1.3672146335904203,0.4156366064619577,146,1.3672
0.03638691902160644,0.019526302289313874,0.0003996849060058594,0.0004895131768036267,12,10,20,"{'max_depth': 12, 'min_samples_leaf': 10, 'min_samples_split': 20}",-0.7280067909387368,-1.0715455292596552,-1.8492172541849474,-1.4654177260733616,-1.7218858674953996,-1.3672146335904203,0.4156366064619577,146,1.3672
0.035247802734375,0.019198825231136817,0.00019550323486328125,0.0003910064697265625,12,10,30,"{'max_depth': 12, 'min_samples_leaf': 10, 'min_samples_split': 30}",-0.7256879621393058,-1.155912254198021,-1.8522801263637754,-1.443926900864542,-1.6946420906536646,-1.3744898668438617,0.4010791853223681,156,1.3745
0.03414592742919922,0.016225020887063523,0.00020308494567871093,0.00040616989135742185,12,10,40,"{'max_depth': 12, 'min_samples_leaf': 10, 'min_samples_split': 40}",-0.7369272807749053,-1.1449893404458171,-1.8364742095309754,-1.4202854483869896,-1.6863215984930586,-1.3649995755263493,0.39280326161214935,139,1.365
0.034088420867919925,0.020729986057527065,0.0,0.0,12,15,5,"{'max_depth': 12, 'min_samples_leaf': 15, 'min_samples_split': 5}",-0.7270582358002795,-1.136068109491616,-1.830117002416107,-1.3739588533498,-1.6136425050866967,-1.3361689412288997,0.38300405678748556,114,1.3362
0.03168210983276367,0.016085627212728895,0.0002109050750732422,0.0004218101501464844,12,15,10,"{'max_depth': 12, 'min_samples_leaf': 15, 'min_samples_split': 10}",-0.7270582358002795,-1.136068109491616,-1.830117002416107,-1.3739588533498,-1.6136425050866967,-1.3361689412288997,0.38300405678748556,114,1.3362
0.03765416145324707,0.020250070419696703,0.00040135383605957033,0.0004915570294822132,12,15,20,"{'max_depth': 12, 'min_samples_leaf': 15, 'min_samples_split': 20}",-0.7270582358002795,-1.136068109491616,-1.830117002416107,-1.3739588533498,-1.6136425050866967,-1.3361689412288997,0.38300405678748556,114,1.3362
0.03363656997680664,0.018177534159139534,0.00019559860229492187,0.00039119720458984374,12,15,30,"{'max_depth': 12, 'min_samples_leaf': 15, 'min_samples_split': 30}",-0.7270582358002795,-1.136068109491616,-1.830117002416107,-1.3739588533498,-1.6136425050866967,-1.3361689412288997,0.38300405678748556,114,1.3362
0.033118057250976565,0.015852400476142066,0.0,0.0,12,15,40,"{'max_depth': 12, 'min_samples_leaf': 15, 'min_samples_split': 40}",-0.7175757256219176,-1.129214899291172,-1.8171350861551896,-1.3632450658931001,-1.6004811447872132,-1.3255303843497184,0.3812726419372181,105,1.3255
0.03222990036010742,0.01716480050375684,0.0007491588592529296,0.00038878429873781664,12,20,5,"{'max_depth': 12, 'min_samples_leaf': 20, 'min_samples_split': 5}",-0.717034174887197,-1.1223226203232697,-1.844742571659824,-1.339299057537935,-1.5920733279520554,-1.3230943504720565,0.3879039503749676,93,1.3231
0.033371782302856444,0.019368594740023275,0.00014843940734863282,0.0002968788146972656,12,20,10,"{'max_depth': 12, 'min_samples_leaf': 20, 'min_samples_split': 10}",-0.717034174887197,-1.1223226203232697,-1.844742571659824,-1.339299057537935,-1.5920733279520554,-1.3230943504720565,0.3879039503749676,93,1.3231
0.034822607040405275,0.018840142824572494,0.0006106376647949218,0.0004987205940559578,12,20,20,"{'max_depth': 12, 'min_samples_leaf': 20, 'min_samples_split': 20}",-0.717034174887197,-1.1223226203232697,-1.844742571659824,-1.339299057537935,-1.5920733279520554,-1.3230943504720565,0.3879039503749676,93,1.3231
0.03304424285888672,0.01877274648637536,0.0,0.0,12,20,30,"{'max_depth': 12, 'min_samples_leaf': 20, 'min_samples_split': 30}",-0.717034174887197,-1.1223226203232697,-1.844742571659824,-1.339299057537935,-1.5920733279520554,-1.3230943504720565,0.3879039503749676,93,1.3231
0.03421816825866699,0.016754622627688894,0.001905202865600586,0.0033323713200770675,12,20,40,"{'max_depth': 12, 'min_samples_leaf': 20, 'min_samples_split': 40}",-0.717034174887197,-1.1223226203232697,-1.844742571659824,-1.339299057537935,-1.5920733279520554,-1.3230943504720565,0.3879039503749676,93,1.3231
0.03205399513244629,0.017166747478012594,0.00019855499267578124,0.0003971099853515625,12,30,5,"{'max_depth': 12, 'min_samples_leaf': 30, 'min_samples_split': 5}",-0.7040385693508762,-1.1193420209201057,-1.81065912277131,-1.3204521445649862,-1.5613975412856986,-1.3031778797785953,0.3787549450777443,42,1.3032
0.03299708366394043,0.017473946953826185,0.00020194053649902344,0.0004038810729980469,12,30,10,"{'max_depth': 12, 'min_samples_leaf': 30, 'min_samples_split': 10}",-0.7040385693508762,-1.1193420209201057,-1.81065912277131,-1.3204521445649862,-1.5613975412856986,-1.3031778797785953,0.3787549450777443,42,1.3032
0.03128628730773926,0.019570310808106544,0.0005057334899902343,0.0010114669799804687,12,30,20,"{'max_depth': 12, 'min_samples_leaf': 30, 'min_samples_split': 20}",-0.7040385693508762,-1.1193420209201057,-1.81065912277131,-1.3204521445649862,-1.5613975412856986,-1.3031778797785953,0.3787549450777443,42,1.3032
0.028208351135253905,0.018979870591719995,0.00059814453125,0.0004884204954665519,12,30,30,"{'max_depth': 12, 'min_samples_leaf': 30, 'min_samples_split': 30}",-0.7040385693508762,-1.1193420209201057,-1.81065912277131,-1.3204521445649862,-1.5613975412856986,-1.3031778797785953,0.3787549450777443,42,1.3032
0.0338045597076416,0.01867078721108195,0.0001968860626220703,0.0003937721252441406,12,30,40,"{'max_depth': 12, 'min_samples_leaf': 30, 'min_samples_split': 40}",-0.7040385693508762,-1.1193420209201057,-1.81065912277131,-1.3204521445649862,-1.5613975412856986,-1.3031778797785953,0.3787549450777443,42,1.3032
0.04004125595092774,0.021538858480056187,0.00020189285278320311,0.00040378570556640623,14,5,5,"{'max_depth': 14, 'min_samples_leaf': 5, 'min_samples_split': 5}",-0.7752020091638071,-1.2937501280502286,-1.8851847427648305,-1.6057751548927786,-1.9009908268702396,-1.4921805723483768,0.42140591657948107,174,1.4922
0.03674459457397461,0.024188433824255114,0.003134489059448242,0.006268978118896484,14,5,10,"{'max_depth': 14, 'min_samples_leaf': 5, 'min_samples_split': 10}",-0.7752020091638071,-1.2937501280502286,-1.8851847427648305,-1.6057751548927786,-1.9009908268702396,-1.4921805723483768,0.42140591657948107,174,1.4922
0.03993768692016601,0.019993919408818984,0.0002010345458984375,0.000402069091796875,14,5,20,"{'max_depth': 14, 'min_samples_leaf': 5, 'min_samples_split': 20}",-0.7316624172415007,-1.2164514064249148,-1.8510167830109034,-1.4806994954287007,-1.764752050799939,-1.4089164305811919,0.40569454093986335,166,1.4089
0.04373965263366699,0.01999928767457958,0.0004080295562744141,0.0004997792014734122,14,5,30,"{'max_depth': 14, 'min_samples_leaf': 5, 'min_samples_split': 30}",-0.729762966771214,-1.213864903785247,-1.8486104800557928,-1.4475628538641458,-1.6921300330604945,-1.3863862475073787,0.3928844174993621,160,1.3864
0.040957069396972655,0.024314110141671095,0.00020804405212402344,0.0004160881042480469,14,5,40,"{'max_depth': 14, 'min_samples_leaf': 5, 'min_samples_split': 40}",-0.7404356866468248,-1.225197345888525,-1.8441944372492485,-1.404492616737813,-1.618902402283988,-1.3666444977612797,0.37557029890541277,144,1.3666
0.038109874725341795,0.020278332201276564,0.003396892547607422,0.00611996418509554,14,10,5,"{'max_depth': 14, 'min_samples_leaf': 10, 'min_samples_split': 5}",-0.727896354594824,-1.0716094082466598,-1.850783075415958,-1.4682629760655672,-1.7225787408957516,-1.3682261110437521,0.41627828429614283,149,1.3682
0.03627347946166992,0.01863480713923529,0.0002002716064453125,0.000400543212890625,14,10,10,"{'max_depth': 14, 'min_samples_leaf': 10, 'min_samples_split': 10}",-0.727896354594824,-1.0716094082466598,-1.850783075415958,-1.4682629760655672,-1.7225787408957516,-1.3682261110437521,0.41627828429614283,149,1.3682
0.04027924537658691,0.023370833003199972,0.0019004344940185547,0.0033304409952618482,14,10,20,"{'max_depth': 14, 'min_samples_leaf': 10, 'min_samples_split': 20}",-0.727896354594824,-1.0716094082466598,-1.850783075415958,-1.4682629760655672,-1.7225787408957516,-1.3682261110437521,0.41627828429614283,149,1.3682
0.039201211929321286,0.019974740039511954,0.00040531158447265625,0.0004964055746044328,14,10,30,"{'max_depth': 14, 'min_samples_leaf': 10, 'min_samples_split': 30}",-0.7255905930158623,-1.156145281047598,-1.8528827135596775,-1.4455618279085232,-1.6951197881618028,-1.3750600407386926,0.40136205254420426,157,1.3751
0.03971652984619141,0.02221507502689489,0.0,0.0,14,10,40,"{'max_depth': 14, 'min_samples_leaf': 10, 'min_samples_split': 40}",-0.736843947077532,-1.1452602889708678,-1.8368143981734768,-1.4213398144814056,-1.6882331763048606,-1.3656983250016286,0.3932240624430275,141,1.3657
0.038574600219726564,0.024298451412031772,0.001444244384765625,0.00288848876953125,14,15,5,"{'max_depth': 14, 'min_samples_leaf': 15, 'min_samples_split': 5}",-0.7270570320527467,-1.1360567986419041,-1.8301966139617682,-1.3724993868108462,-1.6182801890820175,-1.3368180041098565,0.3836743619177959,118,1.3368
0.03846583366394043,0.0200978371805121,0.0025939464569091795,0.0034643027544936107,14,15,10,"{'max_depth': 14, 'min_samples_leaf': 15, 'min_samples_split': 10}",-0.7270570320527467,-1.1360567986419041,-1.8301966139617682,-1.3724993868108462,-1.6182801890820175,-1.3368180041098565,0.3836743619177959,118,1.3368
0.03392858505249023,0.01990722839070646,0.003576374053955078,0.006049909129471692,14,15,20,"{'max_depth': 14, 'min_samples_leaf': 15, 'min_samples_split': 20}",-0.7270570320527467,-1.1360567986419041,-1.8301966139617682,-1.3724993868108462,-1.6182801890820175,-1.3368180041098565,0.3836743619177959,118,1.3368
0.03978233337402344,0.02082279310731319,8.592605590820312e-05,0.00017185211181640624,14,15,30,"{'max_depth': 14, 'min_samples_leaf': 15, 'min_samples_split': 30}",-0.7270570320527467,-1.1360567986419041,-1.8301966139617682,-1.3724993868108462,-1.6182801890820175,-1.3368180041098565,0.3836743619177959,118,1.3368
0.03892068862915039,0.023495493340349245,0.0004039287567138672,0.0004947310503564274,14,15,40,"{'max_depth': 14, 'min_samples_leaf': 15, 'min_samples_split': 40}",-0.7175758003648015,-1.1292087616832587,-1.8171386531241385,-1.3622603043030046,-1.6022365305827067,-1.325684010011582,0.381508821921778,107,1.3257
0.03506317138671875,0.02060992281603927,0.0,0.0,14,20,5,"{'max_depth': 14, 'min_samples_leaf': 20, 'min_samples_split': 5}",-0.7170300784562248,-1.1223377750315862,-1.8447286137367507,-1.337161584641034,-1.5934491574156067,-1.3229414418562404,0.3880744518305195,87,1.3229
0.03948397636413574,0.019515698280570582,0.0003612518310546875,0.0004470368677728885,14,20,10,"{'max_depth': 14, 'min_samples_leaf': 20, 'min_samples_split': 10}",-0.7170300784562248,-1.1223377750315862,-1.8447286137367507,-1.337161584641034,-1.5934491574156067,-1.3229414418562404,0.3880744518305195,87,1.3229
0.03559379577636719,0.021259808950163307,0.0017342567443847656,0.0029943419957673507,14,20,20,"{'max_depth': 14, 'min_samples_leaf': 20, 'min_samples_split': 20}",-0.7170300784562248,-1.1223377750315862,-1.8447286137367507,-1.337161584641034,-1.5934491574156067,-1.3229414418562404,0.3880744518305195,87,1.3229
0.03736510276794434,0.021762127690722315,0.0010750770568847656,0.0007639538220547137,14,20,30,"{'max_depth': 14, 'min_samples_leaf': 20, 'min_samples_split': 30}",-0.7170300784562248,-1.1223377750315862,-1.8447286137367507,-1.337161584641034,-1.5934491574156067,-1.3229414418562404,0.3880744518305195,87,1.3229
0.03869328498840332,0.022747749275346882,0.00022077560424804688,0.0002712049221989881,14,20,40,"{'max_depth': 14, 'min_samples_leaf': 20, 'min_samples_split': 40}",-0.7170300784562248,-1.1223377750315862,-1.8447286137367507,-1.337161584641034,-1.5934491574156067,-1.3229414418562404,0.3880744518305195,87,1.3229
0.03458976745605469,0.016507957393537026,0.00087432861328125,0.0004541465135134334,14,30,5,"{'max_depth': 14, 'min_samples_leaf': 30, 'min_samples_split': 5}",-0.7040385693508762,-1.1192428205954792,-1.8105813659058902,-1.3205700842140657,-1.5637990423841701,-1.3036463764900963,0.3790733698791817,52,1.3036
0.03614010810852051,0.01947119465896392,0.0004002571105957031,0.0004902273378019086,14,30,10,"{'max_depth': 14, 'min_samples_leaf': 30, 'min_samples_split': 10}",-0.7040385693508762,-1.1192428205954792,-1.8105813659058902,-1.3205700842140657,-1.5637990423841701,-1.3036463764900963,0.3790733698791817,52,1.3036
0.0340939998626709,0.0154625755906882,0.0,0.0,14,30,20,"{'max_depth': 14, 'min_samples_leaf': 30, 'min_samples_split': 20}",-0.7040385693508762,-1.1192428205954792,-1.8105813659058902,-1.3205700842140657,-1.5637990423841701,-1.3036463764900963,0.3790733698791817,52,1.3036
0.03906450271606445,0.016319839300780372,0.0,0.0,14,30,30,"{'max_depth': 14, 'min_samples_leaf': 30, 'min_samples_split': 30}",-0.7040385693508762,-1.1192428205954792,-1.8105813659058902,-1.3205700842140657,-1.5637990423841701,-1.3036463764900963,0.3790733698791817,52,1.3036
0.03180255889892578,0.020065211298003382,0.0035411834716796873,0.006092139877364143,14,30,40,"{'max_depth': 14, 'min_samples_leaf': 30, 'min_samples_split': 40}",-0.7040385693508762,-1.1192428205954792,-1.8105813659058902,-1.3205700842140657,-1.5637990423841701,-1.3036463764900963,0.3790733698791817,52,1.3036
0.04548459053039551,0.028146668223153433,0.0006471633911132813,0.0005352015802880493,16,5,5,"{'max_depth': 16, 'min_samples_leaf': 5, 'min_samples_split': 5}",-0.7658082841633342,-1.2915026452652791,-1.886654825421168,-1.6102466770961406,-1.9055394347055563,-1.4919503733302957,0.4262166484360911,172,1.492
0.04167451858520508,0.02273630065693125,0.003321981430053711,0.006172391219032162,16,5,10,"{'max_depth': 16, 'min_samples_leaf': 5, 'min_samples_split': 10}",-0.7658082841633342,-1.2915026452652791,-1.886654825421168,-1.6102466770961406,-1.9055394347055563,-1.4919503733302957,0.4262166484360911,172,1.492
0.049943161010742185,0.02375288551531312,0.0,0.0,16,5,20,"{'max_depth': 16, 'min_samples_leaf': 5, 'min_samples_split': 20}",-0.7316868783880154,-1.2163328062020622,-1.8520469332910927,-1.483720320758255,-1.7649109303973822,-1.4097395738073615,0.40605843895573684,167,1.4097
0.04626784324645996,0.021662350002078053,0.0034102916717529295,0.0058219854538918555,16,5,30,"{'max_depth': 16, 'min_samples_leaf': 5, 'min_samples_split': 30}",-0.7298802687526863,-1.2137912912545346,-1.848576630175568,-1.4554762967705597,-1.6933193691559218,-1.388208771221854,0.3932871309880871,162,1.3882
0.042822408676147464,0.02632947444912274,0.0004029273986816406,0.000493492480043565,16,5,40,"{'max_depth': 16, 'min_samples_leaf': 5, 'min_samples_split': 40}",-0.7404356866468248,-1.2252031008777868,-1.8443510433311656,-1.405700276102833,-1.6199520775976706,-1.367128436911256,0.3757753585292617,145,1.3671
0.03914284706115723,0.018800993177751694,0.003527927398681641,0.00606931201597923,16,10,5,"{'max_depth': 16, 'min_samples_leaf': 10, 'min_samples_split': 5}",-0.7279754589118447,-1.0717350425675929,-1.8508456692778044,-1.47280787900302,-1.7231508412074261,-1.3693029781935375,0.41656994641679335,152,1.3693
0.04378809928894043,0.025542401709178878,0.0,0.0,16,10,10,"{'max_depth': 16, 'min_samples_leaf': 10, 'min_samples_split': 10}",-0.7279754589118447,-1.0717350425675929,-1.8508456692778044,-1.47280787900302,-1.7231508412074261,-1.3693029781935375,0.41656994641679335,152,1.3693
0.04649772644042969,0.02287143884503171,0.0004199028015136719,0.0005152385224633818,16,10,20,"{'max_depth': 16, 'min_samples_leaf': 10, 'min_samples_split': 20}",-0.7279754589118447,-1.0717350425675929,-1.8508456692778044,-1.47280787900302,-1.7231508412074261,-1.3693029781935375,0.41656994641679335,152,1.3693
0.04526925086975098,0.019732216627575364,0.0006011962890625,0.0004909055241078849,16,10,30,"{'max_depth': 16, 'min_samples_leaf': 10, 'min_samples_split': 30}",-0.7255268553158964,-1.1561113299203152,-1.8528306421434715,-1.446130494368312,-1.69536837238406,-1.375193538826411,0.4014336787298892,158,1.3752
0.04164032936096192,0.031078109469302888,0.00045843124389648436,0.0006256068879415418,16,10,40,"{'max_depth': 16, 'min_samples_leaf': 10, 'min_samples_split': 40}",-0.7368490837478646,-1.1451991671735464,-1.836871075446406,-1.4219897770253236,-1.688368075516067,-1.3658554357818413,0.3932834549377902,143,1.3659
0.040604019165039064,0.020326621771931275,0.0006137847900390625,0.0005017890795180487,16,15,5,"{'max_depth': 16, 'min_samples_leaf': 15, 'min_samples_split': 5}",-0.7270561259882086,-1.1360387095069853,-1.830175775366268,-1.3727661338358121,-1.6183226080196886,-1.3368718705433926,0.3836823840511894,122,1.3369
0.046031856536865236,0.020961985515068855,0.0,0.0,16,15,10,"{'max_depth': 16, 'min_samples_leaf': 15, 'min_samples_split': 10}",-0.7270561259882086,-1.1360387095069853,-1.830175775366268,-1.3727661338358121,-1.6183226080196886,-1.3368718705433926,0.3836823840511894,122,1.3369
0.04217081069946289,0.022290606184218225,0.0012694358825683593,0.0016045909370707052,16,15,20,"{'max_depth': 16, 'min_samples_leaf': 15, 'min_samples_split': 20}",-0.7270561259882086,-1.1360387095069853,-1.830175775366268,-1.3727661338358121,-1.6183226080196886,-1.3368718705433926,0.3836823840511894,122,1.3369
0.0409855842590332,0.0224322942383303,0.0011628150939941406,0.001853584309575928,16,15,30,"{'max_depth': 16, 'min_samples_leaf': 15, 'min_samples_split': 30}",-0.7270561259882086,-1.1360387095069853,-1.830175775366268,-1.3727661338358121,-1.6183226080196886,-1.3368718705433926,0.3836823840511894,122,1.3369
0.04612016677856445,0.024131919530800107,0.00020418167114257812,0.0004083633422851563,16,15,40,"{'max_depth': 16, 'min_samples_leaf': 15, 'min_samples_split': 40}",-0.7175757256219176,-1.1291898713670923,-1.8171477818659876,-1.3622770535895437,-1.6020395335677986,-1.3256459932024678,0.3814849119224194,106,1.3256
0.03862476348876953,0.021187816563527157,0.0014078140258789063,0.002815628051757812,16,20,5,"{'max_depth': 16, 'min_samples_leaf': 20, 'min_samples_split': 5}",-0.7170312378516576,-1.1223344691346848,-1.844715549845993,-1.3372758628473285,-1.593232969052229,-1.3229180177463786,0.3880416305360881,82,1.3229
0.04188666343688965,0.021082945606162307,0.0,0.0,16,20,10,"{'max_depth': 16, 'min_samples_leaf': 20, 'min_samples_split': 10}",-0.7170312378516576,-1.1223344691346848,-1.844715549845993,-1.3372758628473285,-1.593232969052229,-1.3229180177463786,0.3880416305360881,82,1.3229
0.03897852897644043,0.01730638893354399,0.0008686065673828125,0.0007478927383306806,16,20,20,"{'max_depth': 16, 'min_samples_leaf': 20, 'min_samples_split': 20}",-0.7170312378516576,-1.1223344691346848,-1.844715549845993,-1.3372758628473285,-1.593232969052229,-1.3229180177463786,0.3880416305360881,82,1.3229
0.04245004653930664,0.017996467223028823,4.096031188964844e-05,8.192062377929688e-05,16,20,30,"{'max_depth': 16, 'min_samples_leaf': 20, 'min_samples_split': 30}",-0.7170312378516576,-1.1223344691346848,-1.844715549845993,-1.3372758628473285,-1.593232969052229,-1.3229180177463786,0.3880416305360881,82,1.3229
0.04108128547668457,0.02306066517942916,0.003398418426513672,0.005829291725783623,16,20,40,"{'max_depth': 16, 'min_samples_leaf': 20, 'min_samples_split': 40}",-0.7170312378516576,-1.1223344691346848,-1.844715549845993,-1.3372758628473285,-1.593232969052229,-1.3229180177463786,0.3880416305360881,82,1.3229
0.039981746673583986,0.02349966666542247,0.0002017498016357422,0.0004034996032714844,16,30,5,"{'max_depth': 16, 'min_samples_leaf': 30, 'min_samples_split': 5}",-0.7040385693508762,-1.1192360634372494,-1.81066053034424,-1.3206103176596284,-1.5635914661660526,-1.3036273893916093,0.3790670814763744,47,1.3036
0.040818071365356444,0.025217810537845085,0.00020966529846191406,0.0004193305969238281,16,30,10,"{'max_depth': 16, 'min_samples_leaf': 30, 'min_samples_split': 10}",-0.7040385693508762,-1.1192360634372494,-1.81066053034424,-1.3206103176596284,-1.5635914661660526,-1.3036273893916093,0.3790670814763744,47,1.3036
0.0359072208404541,0.02078340426911704,0.0013783931732177734,0.002289503658539239,16,30,20,"{'max_depth': 16, 'min_samples_leaf': 30, 'min_samples_split': 20}",-0.7040385693508762,-1.1192360634372494,-1.81066053034424,-1.3206103176596284,-1.5635914661660526,-1.3036273893916093,0.3790670814763744,47,1.3036
0.038287019729614256,0.02401124612282381,0.0002002716064453125,0.000400543212890625,16,30,30,"{'max_depth': 16, 'min_samples_leaf': 30, 'min_samples_split': 30}",-0.7040385693508762,-1.1192360634372494,-1.81066053034424,-1.3206103176596284,-1.5635914661660526,-1.3036273893916093,0.3790670814763744,47,1.3036
0.03795027732849121,0.021877651611727292,0.0,0.0,16,30,40,"{'max_depth': 16, 'min_samples_leaf': 30, 'min_samples_split': 40}",-0.7040385693508762,-1.1192360634372494,-1.81066053034424,-1.3206103176596284,-1.5635914661660526,-1.3036273893916093,0.3790670814763744,47,1.3036
